{
    "mode": 1,
    "username": "default",
    "position": [53.1234567, 10.1234567]
}